{
    "cameraMatrix": [
        1546.2276286675378,
        0.0,
        702.0097288982112,
        0.0,
        1546.2276286675378,
        332.78934149790146,
        0.0,
        0.0,
        1.0
    ],
    "distCoeffs": [
        0.16617321456163837,
        0.6977963813786099,
        -0.0026809959893960078,
        0.01365472936576593,
        -8.98824730512538
    ],
    "imageWidth": 1280,
    "imageHeight": 720,
    "rmsError": 0.1909663633884299,
    "frameCount": 5,
    "chessboardWidth": 9,
    "chessboardHeight": 6,
    "squareSize": 0.02500000037252903,
    "timestamp": "2025-11-12 19:43:04",
    "unityVersion": "2022.3.46f1c1",
    "platform": "WindowsEditor"
}