{
    "cameraMatrix": [
        1509.2921287573558,
        0.0,
        636.7012489693356,
        0.0,
        1505.8582779726103,
        360.0834298647858,
        0.0,
        0.0,
        1.0
    ],
    "distCoeffs": [
        0.24734559407861027,
        -2.2007570907728746,
        0.0062289083779086,
        -0.004325220209095759,
        5.271949631501427
    ],
    "imageWidth": 1280,
    "imageHeight": 720,
    "rmsError": 0.4328415420588551,
    "frameCount": 12,
    "chessboardWidth": 9,
    "chessboardHeight": 6,
    "squareSize": 0.02500000037252903,
    "timestamp": "2025-11-12 19:58:11",
    "unityVersion": "2022.3.46f1c1",
    "platform": "WindowsEditor"
}